Classifier;Start;Stop;Step;Chunk;F1Score;Accuracy;Execution Time (s)
knn;20000;21000;1000;20000;0.938799343160476;0.9385465334379156;260.4399402141571
